-- phpMyAdmin SQL Dump
-- version 5.2.1
-- https://www.phpmyadmin.net/
--
-- Host: 127.0.0.1
-- Generation Time: Jun 01, 2025 at 11:41 AM
-- Server version: 10.4.32-MariaDB
-- PHP Version: 8.0.30

SET SQL_MODE = "NO_AUTO_VALUE_ON_ZERO";
START TRANSACTION;
SET time_zone = "+00:00";


/*!40101 SET @OLD_CHARACTER_SET_CLIENT=@@CHARACTER_SET_CLIENT */;
/*!40101 SET @OLD_CHARACTER_SET_RESULTS=@@CHARACTER_SET_RESULTS */;
/*!40101 SET @OLD_COLLATION_CONNECTION=@@COLLATION_CONNECTION */;
/*!40101 SET NAMES utf8mb4 */;

--
-- Database: `hotelms`
--

-- --------------------------------------------------------

--
-- Table structure for table `booking`
--

CREATE TABLE `booking` (
  `booking_id` int(10) NOT NULL,
  `customer_id` int(10) NOT NULL,
  `room_id` int(10) NOT NULL,
  `booking_date` timestamp NOT NULL DEFAULT current_timestamp(),
  `check_in` varchar(100) DEFAULT NULL,
  `check_out` varchar(100) NOT NULL,
  `total_price` int(10) NOT NULL,
  `remaining_price` int(10) NOT NULL,
  `payment_status` tinyint(1) NOT NULL
) ENGINE=InnoDB DEFAULT CHARSET=latin1 COLLATE=latin1_swedish_ci;

--
-- Dumping data for table `booking`
--

INSERT INTO `booking` (`booking_id`, `customer_id`, `room_id`, `booking_date`, `check_in`, `check_out`, `total_price`, `remaining_price`, `payment_status`) VALUES
(9, 9, 35, '2025-06-01 07:02:59', '02-06-2025', '03-06-2025', 170, 0, 1);

-- --------------------------------------------------------

--
-- Table structure for table `complaint`
--

CREATE TABLE `complaint` (
  `id` int(11) NOT NULL,
  `complainant_name` varchar(100) NOT NULL,
  `complaint_type` varchar(100) NOT NULL,
  `complaint` varchar(200) NOT NULL,
  `created_at` timestamp NOT NULL DEFAULT current_timestamp(),
  `resolve_status` tinyint(1) NOT NULL,
  `resolve_date` timestamp NULL DEFAULT current_timestamp() ON UPDATE current_timestamp(),
  `budget` int(11) DEFAULT NULL
) ENGINE=InnoDB DEFAULT CHARSET=latin1 COLLATE=latin1_swedish_ci;

--
-- Dumping data for table `complaint`
--

INSERT INTO `complaint` (`id`, `complainant_name`, `complaint_type`, `complaint`, `created_at`, `resolve_status`, `resolve_date`, `budget`) VALUES
(6, 'Lee', 'Room', 'Aircond problem', '2025-06-01 07:07:30', 1, '2025-06-01 07:07:36', 1000);

-- --------------------------------------------------------

--
-- Table structure for table `customer`
--

CREATE TABLE `customer` (
  `customer_id` int(10) NOT NULL,
  `customer_name` varchar(100) NOT NULL,
  `contact_no` bigint(20) NOT NULL,
  `email` varchar(100) NOT NULL,
  `id_card_type_id` int(10) NOT NULL,
  `id_card_no` varchar(20) NOT NULL,
  `address` varchar(100) NOT NULL
) ENGINE=InnoDB DEFAULT CHARSET=latin1 COLLATE=latin1_swedish_ci;

--
-- Dumping data for table `customer`
--

INSERT INTO `customer` (`customer_id`, `customer_name`, `contact_no`, `email`, `id_card_type_id`, `id_card_no`, `address`) VALUES
(1, 'Billy S. Burke', 7540001240, 'billyb9@gmail.com', 1, '422510099122', '3166 Rockford Road'),
(2, 'John Mitchell', 2870214970, 'johnm@gmail.com', 2, '422510099122', '1954 Armory Road'),
(3, 'Beatriz M. Matthews', 1247778460, 'matthews@gmail.com', 1, '422510099122', '4879 Shearwood Forest Drive'),
(4, 'Kevin Johnson', 1478546500, 'kevin@gmail.com', 3, '0', '926 Richland Avenue\n'),
(5, 'Dwayne Scott', 2671249780, 'scottdway@gmail.com', 1, '422510099122', '4698 Columbia Road\n'),
(6, 'Bruno Denn', 1245554780, 'denbru@gmail.com', 4, 'AASS 12454784541', '4764 Warner Street\n'),
(7, 'Ric Austin', 2450006974, 'austinric@gmail.com', 1, '457896000002', '1680  Brownton Road'),
(8, 'Andrew Stuartt', 2457778450, 'andrew@gmail.com', 1, '147000245810', '766  Lodgeville Road'),
(9, 'LEE JIA LE', 1110600891, 'hguyt9999@gmail.com', 1, '031011010805', '69, Jalan Delima 13, Taman Delima 2');

-- --------------------------------------------------------

--
-- Table structure for table `emp_history`
--

CREATE TABLE `emp_history` (
  `id` int(11) NOT NULL,
  `emp_id` int(11) NOT NULL,
  `shift_id` int(11) NOT NULL,
  `from_date` timestamp NOT NULL DEFAULT current_timestamp(),
  `to_date` timestamp NULL DEFAULT NULL,
  `created_at` timestamp NOT NULL DEFAULT current_timestamp()
) ENGINE=InnoDB DEFAULT CHARSET=latin1 COLLATE=latin1_swedish_ci;

--
-- Dumping data for table `emp_history`
--

INSERT INTO `emp_history` (`id`, `emp_id`, `shift_id`, `from_date`, `to_date`, `created_at`) VALUES
(1, 1, 1, '2025-06-01 07:02:29', NULL, '2025-06-01 07:02:29');

-- --------------------------------------------------------

--
-- Table structure for table `id_card_type`
--

CREATE TABLE `id_card_type` (
  `id_card_type_id` int(10) NOT NULL,
  `id_card_type` varchar(100) NOT NULL
) ENGINE=InnoDB DEFAULT CHARSET=latin1 COLLATE=latin1_swedish_ci;

--
-- Dumping data for table `id_card_type`
--

INSERT INTO `id_card_type` (`id_card_type_id`, `id_card_type`) VALUES
(1, 'National Identity Card'),
(2, 'Voter Id Card'),
(3, 'Pan Card'),
(4, 'Driving License');

-- --------------------------------------------------------

--
-- Table structure for table `room`
--

CREATE TABLE `room` (
  `room_id` int(10) NOT NULL,
  `room_type_id` int(10) NOT NULL,
  `room_no` varchar(10) NOT NULL,
  `status` tinyint(1) DEFAULT NULL,
  `check_in_status` tinyint(1) NOT NULL,
  `check_out_status` tinyint(1) NOT NULL,
  `deleteStatus` tinyint(1) DEFAULT 0
) ENGINE=InnoDB DEFAULT CHARSET=latin1 COLLATE=latin1_swedish_ci;

--
-- Dumping data for table `room`
--

INSERT INTO `room` (`room_id`, `room_type_id`, `room_no`, `status`, `check_in_status`, `check_out_status`, `deleteStatus`) VALUES
(27, 3, '101', NULL, 0, 0, 0),
(28, 6, '102', NULL, 0, 0, 0),
(29, 5, '103', NULL, 0, 0, 0),
(30, 5, '104', NULL, 0, 0, 0),
(31, 5, '105', NULL, 0, 0, 0),
(32, 5, '106', NULL, 0, 0, 0),
(33, 2, '107', NULL, 0, 0, 0),
(34, 4, '108', NULL, 0, 0, 0),
(35, 1, '2A', NULL, 0, 1, 0),
(36, 5, '201', NULL, 0, 0, 0),
(37, 6, '202', NULL, 0, 0, 0),
(38, 5, '203', NULL, 0, 0, 0),
(39, 5, '204', NULL, 0, 0, 0),
(40, 5, '205', NULL, 0, 0, 0),
(41, 5, '206', NULL, 0, 0, 0),
(42, 2, '207', NULL, 0, 0, 0),
(43, 4, '208', NULL, 0, 0, 0),
(44, 1, '3A', NULL, 0, 0, 0),
(45, 5, '301', NULL, 0, 0, 0),
(46, 6, '302', NULL, 0, 0, 0),
(47, 5, '303', NULL, 0, 0, 0),
(48, 5, '304', NULL, 0, 0, 0),
(49, 5, '305', NULL, 0, 0, 0),
(50, 5, '306', NULL, 0, 0, 0),
(51, 2, '307', NULL, 0, 0, 0),
(52, 4, '308', NULL, 0, 0, 0);

-- --------------------------------------------------------

--
-- Table structure for table `room_type`
--

CREATE TABLE `room_type` (
  `room_type_id` int(10) NOT NULL,
  `room_type` varchar(100) NOT NULL,
  `price` int(10) NOT NULL,
  `max_person` int(10) NOT NULL
) ENGINE=InnoDB DEFAULT CHARSET=latin1 COLLATE=latin1_swedish_ci;

--
-- Dumping data for table `room_type`
--

INSERT INTO `room_type` (`room_type_id`, `room_type`, `price`, `max_person`) VALUES
(1, 'Standard Single small (no window)', 85, 1),
(2, 'Standard Single (no window)', 110, 1),
(3, 'Deluxe Queen (with window)', 130, 2),
(4, 'Deluxe Queen (no window)', 120, 2),
(5, 'Deluxe King', 150, 4),
(6, 'Deluxe Family', 270, 5);

-- --------------------------------------------------------

--
-- Table structure for table `shift`
--

CREATE TABLE `shift` (
  `shift_id` int(10) NOT NULL,
  `shift` varchar(100) NOT NULL,
  `shift_timing` varchar(100) NOT NULL
) ENGINE=InnoDB DEFAULT CHARSET=latin1 COLLATE=latin1_swedish_ci;

--
-- Dumping data for table `shift`
--

INSERT INTO `shift` (`shift_id`, `shift`, `shift_timing`) VALUES
(1, 'Morning', '5:00 AM - 10:00 AM'),
(2, 'Day', '10:00 AM - 4:00PM'),
(3, 'Evening', '4:00 PM - 10:00 PM'),
(4, 'Night', '10:00PM - 5:00AM');

-- --------------------------------------------------------

--
-- Table structure for table `staff`
--

CREATE TABLE `staff` (
  `emp_id` int(11) NOT NULL,
  `emp_name` varchar(100) NOT NULL,
  `staff_type_id` int(11) NOT NULL,
  `shift_id` int(11) NOT NULL,
  `id_card_type` int(11) NOT NULL,
  `id_card_no` varchar(20) NOT NULL,
  `address` varchar(100) NOT NULL,
  `contact_no` bigint(20) NOT NULL,
  `salary` bigint(20) NOT NULL,
  `joining_date` timestamp NOT NULL DEFAULT current_timestamp(),
  `updated_at` timestamp NOT NULL DEFAULT current_timestamp() ON UPDATE current_timestamp()
) ENGINE=InnoDB DEFAULT CHARSET=latin1 COLLATE=latin1_swedish_ci;

--
-- Dumping data for table `staff`
--

INSERT INTO `staff` (`emp_id`, `emp_name`, `staff_type_id`, `shift_id`, `id_card_type`, `id_card_no`, `address`, `contact_no`, `salary`, `joining_date`, `updated_at`) VALUES
(1, 'LEE JIA LE', 1, 1, 1, '031011010805', '69, Jalan Delima 13, Taman Delima 2', 1110600891, 4000, '2025-06-01 07:02:29', '2025-06-01 07:02:29');

-- --------------------------------------------------------

--
-- Table structure for table `staff_type`
--

CREATE TABLE `staff_type` (
  `staff_type_id` int(10) NOT NULL,
  `staff_type` varchar(100) NOT NULL
) ENGINE=InnoDB DEFAULT CHARSET=latin1 COLLATE=latin1_swedish_ci;

--
-- Dumping data for table `staff_type`
--

INSERT INTO `staff_type` (`staff_type_id`, `staff_type`) VALUES
(1, 'Manager'),
(2, 'Housekeeping Manager'),
(3, 'Front Desk Receptionist'),
(4, 'Cheif'),
(5, 'Waiter'),
(6, 'Room Attendant'),
(7, 'Concierge'),
(8, 'Hotel Maintenance Engineer'),
(9, 'Hotel Sales Manager');

-- --------------------------------------------------------

--
-- Table structure for table `user`
--

CREATE TABLE `user` (
  `id` int(11) NOT NULL,
  `name` varchar(100) NOT NULL,
  `username` varchar(15) NOT NULL,
  `email` varchar(100) NOT NULL,
  `password` varchar(100) NOT NULL,
  `created_at` timestamp NOT NULL DEFAULT current_timestamp()
) ENGINE=InnoDB DEFAULT CHARSET=latin1 COLLATE=latin1_swedish_ci;

--
-- Dumping data for table `user`
--

INSERT INTO `user` (`id`, `name`, `username`, `email`, `password`, `created_at`) VALUES
(2, 'Christine', 'christine', 'christine@gmail.com', 'fb1e75090b96d2e0abec0ec980c2f392', '2015-11-12 12:49:22'),
(3, 'Harry Denn', 'harryden', 'harryden@gmail.com', 'd0a512f262ed34abed0c45cefe08c429', '2016-04-01 12:49:22');

--
-- Indexes for dumped tables
--

--
-- Indexes for table `booking`
--
ALTER TABLE `booking`
  ADD PRIMARY KEY (`booking_id`),
  ADD KEY `customer_id` (`customer_id`),
  ADD KEY `room_id` (`room_id`);

--
-- Indexes for table `complaint`
--
ALTER TABLE `complaint`
  ADD PRIMARY KEY (`id`);

--
-- Indexes for table `customer`
--
ALTER TABLE `customer`
  ADD PRIMARY KEY (`customer_id`),
  ADD KEY `customer_id_type` (`id_card_type_id`);

--
-- Indexes for table `emp_history`
--
ALTER TABLE `emp_history`
  ADD PRIMARY KEY (`id`),
  ADD KEY `emp_id` (`emp_id`),
  ADD KEY `shift_id` (`shift_id`);

--
-- Indexes for table `id_card_type`
--
ALTER TABLE `id_card_type`
  ADD PRIMARY KEY (`id_card_type_id`);

--
-- Indexes for table `room`
--
ALTER TABLE `room`
  ADD PRIMARY KEY (`room_id`),
  ADD KEY `room_type_id` (`room_type_id`);

--
-- Indexes for table `room_type`
--
ALTER TABLE `room_type`
  ADD PRIMARY KEY (`room_type_id`);

--
-- Indexes for table `shift`
--
ALTER TABLE `shift`
  ADD PRIMARY KEY (`shift_id`);

--
-- Indexes for table `staff`
--
ALTER TABLE `staff`
  ADD PRIMARY KEY (`emp_id`),
  ADD KEY `id_card_type` (`id_card_type`),
  ADD KEY `shift_id` (`shift_id`),
  ADD KEY `staff_type_id` (`staff_type_id`);

--
-- Indexes for table `staff_type`
--
ALTER TABLE `staff_type`
  ADD PRIMARY KEY (`staff_type_id`);

--
-- Indexes for table `user`
--
ALTER TABLE `user`
  ADD PRIMARY KEY (`id`);

--
-- AUTO_INCREMENT for dumped tables
--

--
-- AUTO_INCREMENT for table `booking`
--
ALTER TABLE `booking`
  MODIFY `booking_id` int(10) NOT NULL AUTO_INCREMENT, AUTO_INCREMENT=10;

--
-- AUTO_INCREMENT for table `complaint`
--
ALTER TABLE `complaint`
  MODIFY `id` int(11) NOT NULL AUTO_INCREMENT, AUTO_INCREMENT=7;

--
-- AUTO_INCREMENT for table `customer`
--
ALTER TABLE `customer`
  MODIFY `customer_id` int(10) NOT NULL AUTO_INCREMENT, AUTO_INCREMENT=10;

--
-- AUTO_INCREMENT for table `emp_history`
--
ALTER TABLE `emp_history`
  MODIFY `id` int(11) NOT NULL AUTO_INCREMENT, AUTO_INCREMENT=2;

--
-- AUTO_INCREMENT for table `id_card_type`
--
ALTER TABLE `id_card_type`
  MODIFY `id_card_type_id` int(10) NOT NULL AUTO_INCREMENT, AUTO_INCREMENT=5;

--
-- AUTO_INCREMENT for table `room`
--
ALTER TABLE `room`
  MODIFY `room_id` int(10) NOT NULL AUTO_INCREMENT, AUTO_INCREMENT=53;

--
-- AUTO_INCREMENT for table `room_type`
--
ALTER TABLE `room_type`
  MODIFY `room_type_id` int(10) NOT NULL AUTO_INCREMENT, AUTO_INCREMENT=11;

--
-- AUTO_INCREMENT for table `shift`
--
ALTER TABLE `shift`
  MODIFY `shift_id` int(10) NOT NULL AUTO_INCREMENT, AUTO_INCREMENT=5;

--
-- AUTO_INCREMENT for table `staff`
--
ALTER TABLE `staff`
  MODIFY `emp_id` int(11) NOT NULL AUTO_INCREMENT, AUTO_INCREMENT=2;

--
-- AUTO_INCREMENT for table `staff_type`
--
ALTER TABLE `staff_type`
  MODIFY `staff_type_id` int(10) NOT NULL AUTO_INCREMENT, AUTO_INCREMENT=10;

--
-- AUTO_INCREMENT for table `user`
--
ALTER TABLE `user`
  MODIFY `id` int(11) NOT NULL AUTO_INCREMENT, AUTO_INCREMENT=4;

--
-- Constraints for dumped tables
--

--
-- Constraints for table `booking`
--
ALTER TABLE `booking`
  ADD CONSTRAINT `booking_ibfk_1` FOREIGN KEY (`customer_id`) REFERENCES `customer` (`customer_id`),
  ADD CONSTRAINT `booking_ibfk_2` FOREIGN KEY (`room_id`) REFERENCES `room` (`room_id`);

--
-- Constraints for table `customer`
--
ALTER TABLE `customer`
  ADD CONSTRAINT `customer_ibfk_1` FOREIGN KEY (`id_card_type_id`) REFERENCES `id_card_type` (`id_card_type_id`);

--
-- Constraints for table `emp_history`
--
ALTER TABLE `emp_history`
  ADD CONSTRAINT `emp_history_ibfk_1` FOREIGN KEY (`emp_id`) REFERENCES `staff` (`emp_id`),
  ADD CONSTRAINT `emp_history_ibfk_2` FOREIGN KEY (`shift_id`) REFERENCES `shift` (`shift_id`);

--
-- Constraints for table `room`
--
ALTER TABLE `room`
  ADD CONSTRAINT `room_ibfk_1` FOREIGN KEY (`room_type_id`) REFERENCES `room_type` (`room_type_id`);

--
-- Constraints for table `staff`
--
ALTER TABLE `staff`
  ADD CONSTRAINT `staff_ibfk_1` FOREIGN KEY (`id_card_type`) REFERENCES `id_card_type` (`id_card_type_id`),
  ADD CONSTRAINT `staff_ibfk_2` FOREIGN KEY (`shift_id`) REFERENCES `shift` (`shift_id`),
  ADD CONSTRAINT `staff_ibfk_3` FOREIGN KEY (`staff_type_id`) REFERENCES `staff_type` (`staff_type_id`);
COMMIT;

/*!40101 SET CHARACTER_SET_CLIENT=@OLD_CHARACTER_SET_CLIENT */;
/*!40101 SET CHARACTER_SET_RESULTS=@OLD_CHARACTER_SET_RESULTS */;
/*!40101 SET COLLATION_CONNECTION=@OLD_COLLATION_CONNECTION */;
